{
	"credit": "Made with Blockbench",
	"ambientocclusion": false,
	"textures": {
		"particle": "#flowerbed"
	},
	"elements": [
		{
			"from": [17.65, 0, 1.9],
			"to": [18.65, 2, 1.9],
			"rotation": {"angle": -45, "axis": "y", "origin": [0.5, 0, 0.5]},
			"faces": {
				"north": {"uv": [0, 5, 1, 7], "texture": "#stem", "tintindex": 1},
				"south": {"uv": [0, 5, 1, 7], "texture": "#stem", "tintindex": 1}
			}
		},
		{
			"from": [18.15, 0, 1.4],
			"to": [18.15, 2, 2.4],
			"rotation": {"angle": -45, "axis": "y", "origin": [0.5, 0, 0.5]},
			"faces": {
				"east": {"uv": [0, 5, 1, 7], "texture": "#stem", "tintindex": 1},
				"west": {"uv": [0, 5, 1, 7], "texture": "#stem", "tintindex": 1}
			}
		},
		{
			"from": [17.65, 0, -3.35],
			"to": [17.65, 2, -2.35],
			"rotation": {"angle": -45, "axis": "y", "origin": [0, 0, 0]},
			"faces": {
				"east": {"uv": [0, 5, 1, 7], "texture": "#stem", "tintindex": 1},
				"west": {"uv": [0, 5, 1, 7], "texture": "#stem", "tintindex": 1}
			}
		},
		{
			"from": [17.15, 0, -2.85],
			"to": [18.15, 2, -2.85],
			"rotation": {"angle": -45, "axis": "y", "origin": [0, 0, 0]},
			"faces": {
				"north": {"uv": [0, 5, 1, 7], "texture": "#stem", "tintindex": 1},
				"south": {"uv": [0, 5, 1, 7], "texture": "#stem", "tintindex": 1}
			}
		},
		{
			"from": [13.4, 0, -0.5],
			"to": [13.4, 2, 0.5],
			"rotation": {"angle": -45, "axis": "y", "origin": [0, 0, 0]},
			"faces": {
				"east": {"uv": [0, 5, 1, 7], "texture": "#stem", "tintindex": 1},
				"west": {"uv": [0, 5, 1, 7], "texture": "#stem", "tintindex": 1}
			}
		},
		{
			"from": [12.9, 0, 0],
			"to": [13.9, 2, 0],
			"rotation": {"angle": -45, "axis": "y", "origin": [0, 0, 0]},
			"faces": {
				"north": {"uv": [0, 5, 1, 7], "texture": "#stem", "tintindex": 1},
				"south": {"uv": [0, 5, 1, 7], "texture": "#stem", "tintindex": 1}
			}
		},
		{
			"from": [14.99289, 1.95, 8.78289],
			"to": [14.99289, 4.95, 11.78289],
			"rotation": {"angle": 45, "axis": "y", "origin": [15, 3, 11]},
			"faces": {
				"east": {"uv": [3, 0, 6, 3], "texture": "#flowerbed"},
				"west": {"uv": [3, 3, 6, 0], "rotation": 180, "texture": "#flowerbed"}
			}
		},
		{
			"from": [13.21711, 1.95, 10.99289],
			"to": [16.21711, 4.95, 10.99289],
			"rotation": {"angle": 45, "axis": "y", "origin": [14, 3, 11]},
			"faces": {
				"north": {"uv": [13, 12, 16, 9], "rotation": 180, "texture": "#flowerbed"},
				"south": {"uv": [13, 9, 16, 12], "texture": "#flowerbed"}
			}
		},
		{
			"from": [12.3, 1.95, 11.3],
			"to": [12.3, 5.95, 15.3],
			"rotation": {"angle": 45, "axis": "y", "origin": [13, 3, 14]},
			"faces": {
				"east": {"uv": [10, 12, 14, 16], "texture": "#flowerbed"},
				"west": {"uv": [10, 16, 14, 12], "rotation": 180, "texture": "#flowerbed"}
			}
		},
		{
			"from": [9.3, 1.95, 13.7],
			"to": [13.3, 5.95, 13.7],
			"rotation": {"angle": 45, "axis": "y", "origin": [12, 3, 13]},
			"faces": {
				"north": {"uv": [10, 12, 14, 16], "texture": "#flowerbed"},
				"south": {"uv": [10, 16, 14, 12], "rotation": 180, "texture": "#flowerbed"}
			}
		},
		{
			"from": [7.80289, 1.95, 8.99289],
			"to": [10.80289, 4.95, 8.99289],
			"rotation": {"angle": 45, "axis": "y", "origin": [10, 3, 9]},
			"faces": {
				"north": {"uv": [8, 11, 11, 8], "rotation": 180, "texture": "#flowerbed"},
				"south": {"uv": [8, 8, 11, 11], "texture": "#flowerbed"}
			}
		},
		{
			"from": [9.99289, 1.95, 7.78289],
			"to": [9.99289, 4.95, 10.78289],
			"rotation": {"angle": 45, "axis": "y", "origin": [10, 3, 10]},
			"faces": {
				"east": {"uv": [8, 8, 11, 11], "texture": "#flowerbed"},
				"west": {"uv": [8, 11, 11, 8], "rotation": 180, "texture": "#flowerbed"}
			}
		}
	]
}