{
	"credit": "Made with Blockbench",
	"ambientocclusion": false,
	"textures": {
		"particle": "#flowerbed"
	},
	"elements": [
		{
			"from": [0, 7, 8],
			"to": [8, 7, 16],
			"rotation": {"angle": 22.5, "axis": "x", "origin": [0, 6, 0]},
			"faces": {
				"up": {"uv": [0, 8, 8, 16], "texture": "#flowerbed"},
				"down": {"uv": [0, 16, 8, 8], "texture": "#flowerbed"}
			}
		},
		{
			"from": [0, 2, 8],
			"to": [8, 2, 16],
			"rotation": {"angle": 0, "axis": "x", "origin": [0, 1, 0]},
			"faces": {
				"up": {"uv": [0, 8, 8, 16], "texture": "#flowerbed"},
				"down": {"uv": [0, 16, 8, 8], "texture": "#flowerbed"}
			}
		},
		{
			"from": [10.15, 0, 5.25],
			"to": [11.15, 1, 5.25],
			"rotation": {"angle": -45, "axis": "y", "origin": [0, 0, 1]},
			"faces": {
				"north": {"uv": [0, 6, 1, 7], "texture": "#stem", "tintindex": 1},
				"south": {"uv": [0, 6, 1, 7], "texture": "#stem", "tintindex": 1}
			}
		},
		{
			"from": [10.65, 0, 4.75],
			"to": [10.65, 1, 5.75],
			"rotation": {"angle": -45, "axis": "y", "origin": [0, 0, 1]},
			"faces": {
				"east": {"uv": [0, 6, 1, 7], "texture": "#stem", "tintindex": 1},
				"west": {"uv": [0, 6, 1, 7], "texture": "#stem", "tintindex": 1}
			}
		},
		{
			"from": [10.15, 1, 5.25],
			"to": [11.15, 2, 5.25],
			"rotation": {"angle": -45, "axis": "y", "origin": [0, 1, 1]},
			"faces": {
				"north": {"uv": [0, 6, 1, 7], "texture": "#stem", "tintindex": 1},
				"south": {"uv": [0, 6, 1, 7], "texture": "#stem", "tintindex": 1}
			}
		},
		{
			"from": [10.65, 1, 4.75],
			"to": [10.65, 2, 5.75],
			"rotation": {"angle": -45, "axis": "y", "origin": [0, 1, 1]},
			"faces": {
				"east": {"uv": [0, 6, 1, 7], "texture": "#stem", "tintindex": 1},
				"west": {"uv": [0, 6, 1, 7], "texture": "#stem", "tintindex": 1}
			}
		}
	]
}