{
	"credit": "Made with Blockbench",
	"ambientocclusion": false,
	"textures": {
		"particle": "#texture"
	},
	"elements": [
		{
			"from": [12, 0.5, 13],
			"to": [15, 0.5, 16],
			"rotation": {"angle": 22.5, "axis": "x", "origin": [13, 0, 15]},
			"faces": {
				"up": {"uv": [12, 13, 15, 16], "texture": "#texture", "tintindex": 0},
				"down": {"uv": [12, 16, 15, 13], "texture": "#texture", "tintindex": 0}
			}
		},
		{
			"from": [13, 0.6, 8],
			"to": [16, 0.6, 12],
			"rotation": {"angle": -22.5, "axis": "z", "origin": [15, 0, 10]},
			"faces": {
				"up": {"uv": [13, 8, 16, 12], "texture": "#texture", "tintindex": 0},
				"down": {"uv": [13, 12, 16, 8], "texture": "#texture", "tintindex": 0}
			}
		},
		{
			"from": [8, 0.5, 8],
			"to": [10, 0.5, 11],
			"rotation": {"angle": -22.5, "axis": "x", "origin": [9, 0, 10]},
			"faces": {
				"up": {"uv": [8, 8, 10, 11], "texture": "#texture", "tintindex": 0},
				"down": {"uv": [8, 11, 10, 8], "texture": "#texture", "tintindex": 0}
			}
		},
		{
			"from": [9, 0.5, 11],
			"to": [13, 0.5, 14],
			"rotation": {"angle": 0, "axis": "z", "origin": [11, 0, 12]},
			"faces": {
				"up": {"uv": [9, 11, 13, 14], "texture": "#texture", "tintindex": 0},
				"down": {"uv": [9, 14, 13, 11], "texture": "#texture", "tintindex": 0}
			}
		},
		{
			"from": [11, 0.5, 10],
			"to": [13, 0.5, 11],
			"rotation": {"angle": 0, "axis": "z", "origin": [11, 0, 12]},
			"faces": {
				"up": {"uv": [11, 10, 13, 11], "texture": "#texture", "tintindex": 0},
				"down": {"uv": [11, 10, 13, 11], "texture": "#texture", "tintindex": 0}
			}
		}
	]
}