{
	"credit": "Made with Blockbench",
	"ambientocclusion": false,
	"textures": {
		"particle": "#texture"
	},
	"elements": [
		{
			"from": [6, 0.25, 12],
			"to": [8, 0.25, 15],
			"rotation": {"angle": 22.5, "axis": "z", "origin": [7, 0, 14]},
			"faces": {
				"up": {"uv": [6, 12, 8, 15], "texture": "#texture", "tintindex": 0},
				"down": {"uv": [6, 15, 8, 12], "texture": "#texture", "tintindex": 0}
			}
		},
		{
			"from": [0, 0.25, 12],
			"to": [4, 0.25, 15],
			"rotation": {"angle": 22.5, "axis": "x", "origin": [2, 0, 13]},
			"faces": {
				"up": {"uv": [0, 12, 4, 15], "texture": "#texture", "tintindex": 0},
				"down": {"uv": [0, 15, 4, 12], "texture": "#texture", "tintindex": 0}
			}
		},
		{
			"from": [2, 0.6, 8],
			"to": [6, 0.6, 12],
			"rotation": {"angle": -22.5, "axis": "x", "origin": [4, 0, 10]},
			"faces": {
				"up": {"uv": [1, 8, 5, 12], "texture": "#texture", "tintindex": 0},
				"down": {"uv": [1, 12, 5, 8], "texture": "#texture", "tintindex": 0}
			}
		},
		{
			"from": [5, 0.6, 12],
			"to": [6, 0.6, 13],
			"rotation": {"angle": -22.5, "axis": "x", "origin": [4, 0, 10]},
			"faces": {
				"up": {"uv": [4, 13, 5, 12], "texture": "#texture", "tintindex": 0},
				"down": {"uv": [4, 12, 5, 13], "texture": "#texture", "tintindex": 0}
			}
		},
		{
			"from": [4, 0.5, 4],
			"to": [8, 0.5, 8],
			"rotation": {"angle": 22.5, "axis": "x", "origin": [6, 0, 6]},
			"faces": {
				"up": {"uv": [4, 4, 8, 8], "texture": "#texture", "tintindex": 0},
				"down": {"uv": [4, 8, 8, 4], "texture": "#texture", "tintindex": 0}
			}
		},
		{
			"from": [0, 0.25, 4],
			"to": [2, 0.25, 7],
			"rotation": {"angle": -22.5, "axis": "z", "origin": [1, 0, 5]},
			"faces": {
				"up": {"uv": [0, 4, 2, 7], "texture": "#texture", "tintindex": 0},
				"down": {"uv": [0, 7, 2, 4], "texture": "#texture", "tintindex": 0}
			}
		},
		{
			"from": [1, 0.5, 0],
			"to": [5, 0.5, 3],
			"rotation": {"angle": 22.5, "axis": "z", "origin": [3, 1, 2]},
			"faces": {
				"up": {"uv": [1, 0, 5, 3], "texture": "#texture", "tintindex": 0},
				"down": {"uv": [1, 3, 5, 0], "texture": "#texture", "tintindex": 0}
			}
		},
		{
			"from": [12, 0.5, 13],
			"to": [15, 0.5, 16],
			"rotation": {"angle": 22.5, "axis": "x", "origin": [13, 0, 15]},
			"faces": {
				"up": {"uv": [12, 13, 15, 16], "texture": "#texture", "tintindex": 0},
				"down": {"uv": [12, 16, 15, 13], "texture": "#texture", "tintindex": 0}
			}
		},
		{
			"from": [9, 0.5, 11],
			"to": [13, 0.5, 14],
			"rotation": {"angle": 0, "axis": "y", "origin": [11, 0, 12]},
			"faces": {
				"up": {"uv": [9, 11, 13, 14], "texture": "#texture", "tintindex": 0},
				"down": {"uv": [9, 14, 13, 11], "texture": "#texture", "tintindex": 0}
			}
		},
		{
			"from": [11, 0.5, 10],
			"to": [13, 0.5, 11],
			"rotation": {"angle": 0, "axis": "y", "origin": [11, 0, 12]},
			"faces": {
				"up": {"uv": [11, 10, 13, 11], "texture": "#texture", "tintindex": 0},
				"down": {"uv": [11, 10, 13, 11], "texture": "#texture", "tintindex": 0}
			}
		},
		{
			"from": [13, 0.6, 8],
			"to": [16, 0.6, 12],
			"rotation": {"angle": -22.5, "axis": "z", "origin": [15, 0, 10]},
			"faces": {
				"up": {"uv": [13, 8, 16, 12], "texture": "#texture", "tintindex": 0},
				"down": {"uv": [13, 12, 16, 8], "texture": "#texture", "tintindex": 0}
			}
		},
		{
			"from": [8, 0.5, 8],
			"to": [10, 0.5, 11],
			"rotation": {"angle": -22.5, "axis": "x", "origin": [9, 0, 10]},
			"faces": {
				"up": {"uv": [8, 8, 10, 11], "texture": "#texture", "tintindex": 0},
				"down": {"uv": [8, 11, 10, 8], "texture": "#texture", "tintindex": 0}
			}
		},
		{
			"from": [13, 0.25, 1],
			"to": [16, 0.25, 3],
			"rotation": {"angle": 22.5, "axis": "x", "origin": [14, 0, 2]},
			"faces": {
				"north": {"uv": [0, 0, 0, 0], "texture": "#texture", "tintindex": 0},
				"east": {"uv": [0, 0, 0, 0], "texture": "#texture", "tintindex": 0},
				"south": {"uv": [0, 0, 0, 0], "texture": "#texture", "tintindex": 0},
				"west": {"uv": [0, 0, 0, 0], "texture": "#texture", "tintindex": 0},
				"up": {"uv": [13, 1, 16, 3], "texture": "#texture", "tintindex": 0},
				"down": {"uv": [13, 1, 16, 3], "texture": "#texture", "tintindex": 0}
			}
		},
		{
			"from": [8, 0.6, 1],
			"to": [10, 0.6, 4],
			"rotation": {"angle": 22.5, "axis": "x", "origin": [9, 0, 2]},
			"faces": {
				"north": {"uv": [0, 0, 0, 0], "texture": "#texture", "tintindex": 0},
				"east": {"uv": [0, 0, 0, 0], "texture": "#texture", "tintindex": 0},
				"south": {"uv": [0, 0, 0, 0], "texture": "#texture", "tintindex": 0},
				"west": {"uv": [0, 0, 0, 0], "texture": "#texture", "tintindex": 0},
				"up": {"uv": [8, 1, 10, 4], "texture": "#texture", "tintindex": 0},
				"down": {"uv": [8, 0, 16, 8], "texture": "#texture", "tintindex": 0}
			}
		},
		{
			"from": [8, 0.25, 5],
			"to": [11, 0.25, 7],
			"rotation": {"angle": 0, "axis": "y", "origin": [10, 0, 6]},
			"faces": {
				"north": {"uv": [0, 0, 0, 0], "texture": "#texture", "tintindex": 0},
				"east": {"uv": [0, 0, 0, 0], "texture": "#texture", "tintindex": 0},
				"south": {"uv": [0, 0, 0, 0], "texture": "#texture", "tintindex": 0},
				"west": {"uv": [0, 0, 0, 0], "texture": "#texture", "tintindex": 0},
				"up": {"uv": [8, 5, 11, 7], "texture": "#texture", "tintindex": 0},
				"down": {"uv": [11, 7, 8, 5], "texture": "#texture", "tintindex": 0}
			}
		},
		{
			"from": [11, 0.5, 3],
			"to": [15, 0.5, 7],
			"rotation": {"angle": 22.5, "axis": "z", "origin": [13, 0, 5]},
			"faces": {
				"north": {"uv": [0, 0, 0, 0], "texture": "#texture", "tintindex": 0},
				"east": {"uv": [0, 0, 0, 0], "texture": "#texture", "tintindex": 0},
				"south": {"uv": [0, 0, 0, 0], "texture": "#texture", "tintindex": 0},
				"west": {"uv": [0, 0, 0, 0], "texture": "#texture", "tintindex": 0},
				"up": {"uv": [11, 3, 15, 7], "texture": "#texture", "tintindex": 0},
				"down": {"uv": [11, 3, 15, 7], "texture": "#texture", "tintindex": 0}
			}
		},
		{
			"from": [11, 0.5, 2],
			"to": [12, 0.5, 3],
			"rotation": {"angle": 22.5, "axis": "z", "origin": [13, 0, 1]},
			"faces": {
				"north": {"uv": [0, 0, 0, 0], "texture": "#texture", "tintindex": 0},
				"east": {"uv": [0, 0, 0, 0], "texture": "#texture", "tintindex": 0},
				"south": {"uv": [0, 0, 0, 0], "texture": "#texture", "tintindex": 0},
				"west": {"uv": [0, 0, 0, 0], "texture": "#texture", "tintindex": 0},
				"up": {"uv": [11, 3, 12, 2], "texture": "#texture", "tintindex": 0},
				"down": {"uv": [11, 3, 12, 2], "texture": "#texture", "tintindex": 0}
			}
		}
	]
}