{
	"credit": "Made with Blockbench",
	"ambientocclusion": false,
	"textures": {
		"particle": "#texture"
	},
	"elements": [
		{
			"from": [1, 0.5, 0],
			"to": [5, 0.5, 3],
			"rotation": {"angle": 22.5, "axis": "z", "origin": [3, 1, 2]},
			"faces": {
				"up": {"uv": [1, 0, 5, 3], "texture": "#texture", "tintindex": 0},
				"down": {"uv": [1, 3, 5, 0], "texture": "#texture", "tintindex": 0}
			}
		},
		{
			"from": [0, 0.25, 4],
			"to": [2, 0.25, 7],
			"rotation": {"angle": -22.5, "axis": "z", "origin": [1, 0, 5]},
			"faces": {
				"up": {"uv": [0, 4, 2, 7], "texture": "#texture", "tintindex": 0},
				"down": {"uv": [0, 7, 2, 4], "texture": "#texture", "tintindex": 0}
			}
		},
		{
			"from": [4, 0.5, 4],
			"to": [8, 0.5, 8],
			"rotation": {"angle": 22.5, "axis": "x", "origin": [6, 0, 6]},
			"faces": {
				"up": {"uv": [4, 4, 8, 8], "texture": "#texture", "tintindex": 0},
				"down": {"uv": [4, 8, 8, 4], "texture": "#texture", "tintindex": 0}
			}
		}
	]
}